"","X","Plot","Quad","UTM.x","UTM.y","AEA.x","AEA.y","GEO.x","GEO.y","Tubbs.MTBS.RDNBR.30","Tubbs.MTBS.DNBR.30","Tubbs.MTBS.DNBR6.30","Kincade.MTBS.RDNBR.30","Kincade.MTBS.DNBR.30","Kincade.MTBS.DNBR6.30","Tubbs.Tukman.CanDam.10","Tubbs.Clark.RBR.30","Tubbs.BARC.dNBR.20","Tubbs.BARC.dNDVI.5","Tubbs.BARC.dNDVI4.5","Tubbs.BARC.SBS4.5"
"1",1,"PPW1501","A1",526232,4270319,-234811.90077886,66103.6183640296,-122.698829905546,38.5809516071642,500,347,3,65,36,1,89.2088470458984,346.742095947266,51,58,1,2
"2",2,"PPW1501","A2",526232,4270339,-234811.265069464,66123.6432902371,-122.698829152849,38.581131844771,407,273,2,104,65,2,89.2088470458984,293.490203857422,44,60,1,2
"3",3,"PPW1501","A3",526232,4270359,-234810.62935984,66143.6682150182,-122.698828400146,38.5813120823722,275,182,2,22,3,1,25.6319923400879,221.193130493164,61,40,1,2
"4",4,"PPW1501","A4",526231.999999999,4270379,-234809.993649988,66163.6931383675,-122.698827647436,38.5814923199678,275,182,2,114,78,2,25.6319923400879,221.193130493164,74,72,2,2
"5",5,"PPW1501","A5",526232,4270399,-234809.35793991,66183.7180602979,-122.698826894719,38.5816725575578,286,196,2,208,154,2,25.6319923400879,215.865859985352,74,79,1,2
"6",6,"PPW1501","B1",526252,4270319,-234791.930161884,66102.984022161,-122.698600288108,38.5809510161145,517,342,3,100,61,2,89.2088470458984,350.171356201172,58,84,2,2
"7",7,"PPW1501","B2",526252,4270339,-234791.294451082,66123.0089480639,-122.698599534838,38.5811312537175,456,309,2,82,51,1,89.2088470458984,263.268737792969,49,65,1,2
"8",8,"PPW1501","B3",526252,4270359,-234790.658740054,66143.0338725438,-122.698598781561,38.5813114913149,275,182,2,82,51,1,89.2088470458984,221.193130493164,58,58,1,2
"9",9,"PPW1501","B4",526251.999999999,4270379,-234790.023028798,66163.0587955997,-122.698598028277,38.5814917289067,275,182,2,114,78,2,38.788688659668,221.193130493164,67,57,1,2
"10",10,"PPW1501","B5",526252,4270399,-234789.387317314,66183.0837172316,-122.698597274986,38.5816719664929,190,115,2,208,154,2,38.788688659668,215.410125732422,81,64,2,2
"11",11,"PPW1501","C1",526272,4270319,-234771.959545222,66102.3496786174,-122.698370670678,38.5809504246143,517,342,3,100,61,2,89.2088470458984,350.171356201172,58,52,1,1
"12",12,"PPW1501","C2",526272,4270339,-234771.323833018,66122.3746042256,-122.698369916834,38.5811306622135,418,292,2,60,32,1,89.2088470458984,251.588439941406,56,39,1,1
"13",13,"PPW1501","C3",526272,4270359,-234770.688120584,66142.3995284038,-122.698369162983,38.5813108998071,418,292,2,60,32,1,89.2088470458984,251.588439941406,69,64,2,2
"14",14,"PPW1501","C4",526272,4270379,-234770.052407924,66162.4244511556,-122.698368409125,38.5814911373951,310,202,2,81,49,1,38.788688659668,197.155624389648,68,47,1,1
"15",15,"PPW1501","C5",526272,4270399,-234769.416695037,66182.4493724881,-122.698367655261,38.5816713749776,190,115,2,221,163,2,67.3499069213867,215.410125732422,73,26,1,1
"16",16,"PPW1501","D1",526292,4270319,-234751.988928878,66101.7153334082,-122.698141053254,38.5809498326636,470,320,3,88,53,1,89.2088470458984,296.191558837891,57,55,1,2
"17",17,"PPW1501","D2",526292,4270339,-234751.353215268,66121.7402587105,-122.698140298836,38.581130070259,418,292,2,88,53,1,89.2088470458984,251.588439941406,54,55,1,2
"18",18,"PPW1501","D3",526292,4270359,-234750.717501432,66141.7651825882,-122.698139544411,38.5813103078489,418,292,2,60,32,1,89.2088470458984,251.588439941406,67,51,2,2
"19",19,"PPW1501","D4",526291.999999999,4270379,-234750.081787366,66161.7901050439,-122.69813878998,38.5814905454331,351,215,2,174,125,2,89.2088470458984,287.803527832031,71,80,1,2
"20",20,"PPW1501","D5",526292,4270399,-234749.446073073,66181.8150260709,-122.698138035542,38.5816707830117,351,215,2,174,125,2,89.2088470458984,287.803527832031,57,61,1,2
"21",21,"PPW1501","E1",526312,4270319,-234732.018312848,66101.0809865235,-122.697911435837,38.5809492402626,356,220,2,81,47,1,89.2088470458984,314.642913818359,54,42,1,1
"22",22,"PPW1501","E2",526312,4270339,-234731.382597836,66121.105911524,-122.697910680845,38.5811294778542,356,220,2,81,47,1,89.2088470458984,314.642913818359,63,63,1,2
"23",23,"PPW1501","E3",526312,4270359,-234730.746882593,66141.1308351061,-122.697909925847,38.5813097154402,413,263,2,119,72,2,89.2088470458984,204.168060302734,66,54,1,2
"24",24,"PPW1501","E4",526311.999999999,4270379,-234730.111167124,66161.1557572586,-122.697909170841,38.5814899530206,351,215,2,119,72,2,89.2088470458984,287.803527832031,72,58,1,2
"25",25,"PPW1501","E5",526312,4270399,-234729.475451425,66181.1806779909,-122.697908415829,38.5816701905955,351,215,2,174,125,2,89.2088470458984,287.803527832031,56,53,1,1
"26",26,"PPW1507","A1",525858,4270633,-235175.371123152,66429.8715136023,-122.70311210323,38.583792307712,350,241,2,151,96,2,31.1529235839844,117.989814758301,102,63,1,2
"27",27,"PPW1507","A2",525858,4270653,-235174.735436511,66449.896422992,-122.70311136116,38.5839725453015,261,184,2,115,73,2,31.1529235839844,82.873176574707,101,93,2,2
"28",28,"PPW1507","A3",525858,4270673,-235174.099749647,66469.9213309526,-122.703110619084,38.5841527828855,227,162,2,113,79,2,32.1202392578125,143.982040405273,99,72,1,2
"29",29,"PPW1507","A4",525858,4270693,-235173.464062559,66489.9462374845,-122.703109877001,38.5843330204639,219,148,2,113,79,2,32.1202392578125,193.231338500977,96,99,1,2
"30",30,"PPW1507","A5",525857.999999999,4270713,-235172.82837525,66509.971142584,-122.703109134911,38.5845132580367,154,76,2,113,79,2,32.1202392578125,222.571075439453,62,80,2,2
"31",31,"PPW1507","B1",525878,4270633,-235155.400478243,66429.2371983305,-122.702882476658,38.5837917250269,322,246,2,125,87,2,31.1529235839844,119.041328430176,104,47,1,1
"32",32,"PPW1507","B2",525878,4270653,-235154.764790195,66449.2621074244,-122.702881734014,38.5839719626127,227,162,2,125,87,2,31.1529235839844,143.982040405273,93,53,1,2
"33",33,"PPW1507","B3",525878,4270673,-235154.129101922,66469.287015086,-122.702880991364,38.5841522001929,227,162,2,113,79,2,32.1202392578125,143.982040405273,92,72,2,2
"34",34,"PPW1507","B4",525878,4270693,-235153.493413427,66489.3119213176,-122.702880248707,38.5843324377676,219,148,2,113,79,2,32.1202392578125,193.231338500977,79,69,2,2
"35",35,"PPW1507","B5",525877.999999999,4270713,-235152.857724709,66509.336826127,-122.702879506043,38.5845126753366,137,74,2,191,133,2,16.2055339813232,230.211853027344,28,77,1,1
"36",36,"PPW1507","C1",525898,4270633,-235135.429833646,66428.6028813822,-122.702652850092,38.5837911418913,288,219,2,125,87,2,31.1529235839844,153.104141235352,111,69,1,2
"37",37,"PPW1507","C2",525898,4270653,-235134.794144188,66448.6277901828,-122.702652106874,38.5839713794734,288,219,2,88,55,1,31.1529235839844,153.104141235352,104,113,2,3
"38",38,"PPW1507","C3",525898,4270673,-235134.15845451,66468.6526975487,-122.70265136365,38.5841516170499,274,206,2,91,61,2,16.2055339813232,138.189071655273,92,71,2,2
"39",39,"PPW1507","C4",525898,4270693,-235133.522764604,66488.6776034841,-122.702650620419,38.5843318546208,137,74,2,91,61,2,16.2055339813232,230.211853027344,71,55,2,2
"40",40,"PPW1507","C5",525897.999999999,4270713,-235132.88707448,66508.7025079904,-122.702649877182,38.5845120921861,137,74,2,191,133,2,16.2055339813232,230.211853027344,30,55,1,1
"41",41,"PPW1507","D1",525918,4270633,-235115.45918936,66427.9685627627,-122.702423223533,38.5837905583052,288,219,2,94,63,2,16.2055339813232,153.104141235352,122,78,2,2
"42",42,"PPW1507","D2",525918,4270653,-235114.823498495,66447.9934712616,-122.702422479742,38.5839707958836,288,219,2,88,55,1,16.2055339813232,153.104141235352,115,71,2,2
"43",43,"PPW1507","D3",525918,4270673,-235114.187807408,66468.0183783327,-122.702421735943,38.5841510334563,146,88,2,91,61,2,16.2055339813232,152.514541625977,100,72,1,2
"44",44,"PPW1507","D4",525918,4270693,-235113.552116096,66488.0432839724,-122.702420992139,38.5843312710235,146,88,2,47,24,1,16.2055339813232,152.514541625977,67,67,2,2
"45",45,"PPW1507","D5",525917.999999999,4270713,-235112.916424563,66508.0681881858,-122.702420248327,38.584511508585,39,-1,1,289,202,2,16.2055339813232,133.795135498047,33,50,1,1
"46",46,"PPW1507","E1",525938,4270633,-235095.488545385,66427.3342424692,-122.702193596981,38.5837899742687,159,110,2,97,65,2,9.18418216705322,64.5541152954102,103,69,1,2
"47",47,"PPW1507","E2",525938,4270653,-235094.852853114,66447.3591506705,-122.702192852615,38.5839702118432,137,88,2,8,-8,1,16.2055339813232,110.255172729492,93,83,1,2
"48",48,"PPW1507","E3",525938,4270673,-235094.217160617,66467.3840574403,-122.702192108243,38.5841504494122,146,88,2,8,-8,1,9.18418216705322,152.514541625977,91,84,2,2
"49",49,"PPW1507","E4",525938,4270693,-235093.581467898,66487.4089627839,-122.702191363865,38.5843306869757,146,88,2,47,24,1,9.18418216705322,152.514541625977,52,50,1,1
"50",50,"PPW1507","E5",525937.999999999,4270713,-235092.945774957,66507.4338667011,-122.702190619479,38.5845109245335,-325,-101,1,289,202,2,NA,219.162063598633,23,41,1,1
"51",51,"PPW1509","A1",522802,4273309,-238141.861424563,69206.1010808274,-122.738111511328,38.6079918603605,28,0,0,109,74,2,NA,-26.3706512451172,50,38,0,NA
"52",52,"PPW1509","A2",522802,4273329,-238141.225927508,69226.1258404339,-122.738110856172,38.6081720977409,-26,-38,0,109,74,2,NA,26.2285118103027,47,63,0,NA
"53",53,"PPW1509","A3",522802,4273349,-238140.59043026,69246.1505985898,-122.73811020101,38.6083523351157,-26,-38,0,83,54,1,NA,26.2285118103027,52,48,0,NA
"54",54,"PPW1509","A4",522802,4273369,-238139.954932822,69266.1753552854,-122.738109545842,38.608532572485,-60,-58,0,-8,-22,1,NA,45.1456108093262,55,56,0,NA
"55",55,"PPW1509","A5",522802,4273389,-238139.319435193,69286.2001105342,-122.738108890669,38.6087128098487,-60,-58,0,-8,-22,1,NA,45.1456108093262,69,48,0,NA
"56",56,"PPW1509","B1",522822,4273309,-238121.890544041,69205.4669857272,-122.737881806963,38.6079913460696,28,0,0,109,74,2,NA,-26.3706512451172,56,74,0,NA
"57",57,"PPW1509","B2",522822,4273329,-238121.255045548,69225.4917450687,-122.737881151232,38.6081715834468,28,0,0,109,74,2,NA,-26.3706512451172,68,70,0,NA
"58",58,"PPW1509","B3",522822,4273349,-238120.619546866,69245.5165029573,-122.737880495496,38.6083518208183,49,17,0,34,13,1,NA,22.0765228271484,64,79,0,NA
"59",59,"PPW1509","B4",522822,4273369,-238119.984047991,69265.5412593866,-122.737879839753,38.6085320581843,-1,-21,0,34,13,1,16.9199256896973,12.1552362442017,58,79,0,NA
"60",60,"PPW1509","B5",522821.999999999,4273389,-238119.348548926,69285.5660143592,-122.737879184005,38.6087122955447,-1,-21,0,48,24,1,NA,12.1552362442017,66,68,0,NA
"61",61,"PPW1509","C1",522842,4273309,-238101.919663801,69204.832888925,-122.737652102603,38.607990831328,39,10,0,146,109,2,NA,29.3706569671631,82,89,0,NA
"62",62,"PPW1509","C2",522842,4273329,-238101.284163873,69224.8576480015,-122.737651446298,38.6081710687018,39,10,0,78,51,1,NA,29.3706569671631,81,94,0,NA
"63",63,"PPW1509","C3",522842,4273349,-238100.648663751,69244.882405614,-122.737650789987,38.60835130607,49,17,0,34,13,1,16.9199256896973,22.0765228271484,70,78,0,NA
"64",64,"PPW1509","C4",522842.000000001,4273369,-238100.013163439,69264.9071617816,-122.73765013367,38.6085315434327,49,17,0,34,13,1,16.9199256896973,22.0765228271484,69,86,0,NA
"65",65,"PPW1509","C5",522841.999999999,4273389,-238099.377662938,69284.9319164888,-122.737649477347,38.6087117807898,81,40,1,31,10,1,NA,30.2464733123779,64,78,0,NA
"66",66,"PPW1509","D1",522862,4273309,-238081.948783843,69204.1987904217,-122.73742239825,38.6079903161354,56,24,0,146,109,2,NA,14.4282636642456,69,75,0,NA
"67",67,"PPW1509","D2",522862,4273329,-238081.313282478,69224.2235492291,-122.73742174137,38.6081705535059,9,-13,0,77,49,1,16.9199256896973,22.5401191711426,80,87,0,NA
"68",68,"PPW1509","D3",522862,4273349,-238080.677780921,69244.2483065836,-122.737421084484,38.6083507908708,46,15,0,77,49,1,16.9199256896973,40.5030899047852,73,83,0,NA
"69",69,"PPW1509","D4",522862,4273369,-238080.042279173,69264.2730624764,-122.737420427593,38.6085310282302,46,15,0,-29,-39,1,16.9199256896973,40.5030899047852,79,79,2,NA
"70",70,"PPW1509","D5",522861.999999999,4273389,-238079.406777234,69284.297816922,-122.737419770695,38.608711265584,81,40,1,31,10,1,16.9199256896973,30.2464733123779,84,84,2,NA
"71",71,"PPW1509","E1",522882,4273309,-238061.977904169,69203.5646902178,-122.737192693902,38.6079898004919,56,24,0,144,106,2,NA,14.4282636642456,80,97,0,NA
"72",72,"PPW1509","E2",522882,4273329,-238061.342401366,69223.5894487575,-122.737192036448,38.6081700378591,9,-13,0,77,49,1,16.9199256896973,22.5401191711426,79,97,0,NA
"73",73,"PPW1509","E3",522882,4273349,-238060.706898372,69243.6142058386,-122.737191378987,38.6083502752208,59,24,1,77,49,1,16.9199256896973,7.30776786804199,70,96,2,NA
"74",74,"PPW1509","E4",522882,4273369,-238060.071395187,69263.6389614679,-122.737190721521,38.6085305125768,45,12,1,-18,-29,1,16.9199256896973,49.4919815063477,78,84,2,NA
"75",75,"PPW1509","E5",522881.999999999,4273389,-238059.435891812,69283.6637156415,-122.737190064049,38.6087107499273,127,78,2,-53,-57,1,16.9199256896973,113.090942382812,94,89,2,2
"76",76,"PPW1510","A1",522753,4273514,-238184.276265258,69412.9083303344,-122.738667585852,38.6098405514351,34,0,1,93,54,1,25,79.151008605957,67,42,1,NA
"77",77,"PPW1510","A2",522753,4273534,-238183.640769772,69432.9330756776,-122.738666932044,38.6100207887664,128,63,1,93,54,1,25,121.147514343262,75,52,1,2
"78",78,"PPW1510","A3",522752.999999999,4273554,-238183.005274094,69452.9578195582,-122.73866627823,38.6102010260922,128,63,1,93,54,1,28.7324237823486,121.147514343262,82,76,2,2
"79",79,"PPW1510","A4",522753,4273574,-238182.369778225,69472.9825619841,-122.738665624411,38.6103812634124,154,89,2,58,31,1,28.7324237823486,59.1377258300781,73,105,2,3
"80",80,"PPW1510","A5",522753,4273594,-238181.734282167,69493.0073029515,-122.738664970585,38.610561500727,110,58,1,58,31,1,28.7324237823486,9.81359958648682,72,85,2,2
"81",81,"PPW1510","B1",522773,4273514,-238164.305369313,69412.2742366632,-122.738437875583,38.6098400382152,106,47,1,65,34,1,25,112.982803344727,73,56,1,NA
"82",82,"PPW1510","B2",522773,4273534,-238163.669872386,69432.298981742,-122.7384372212,38.6100202755433,106,47,1,65,34,1,25,112.982803344727,75,82,2,2
"83",83,"PPW1510","B3",522772.999999999,4273554,-238163.03437527,69452.3237253558,-122.738436566811,38.6102005128657,201,113,2,44,20,1,28.7324237823486,146.878677368164,79,89,2,2
"84",84,"PPW1510","B4",522773,4273574,-238162.398877965,69472.3484675172,-122.738435912417,38.6103807501826,154,89,2,58,31,1,28.7324237823486,59.1377258300781,73,92,2,2
"85",85,"PPW1510","B5",522773,4273594,-238161.763380466,69492.3732082155,-122.738435258017,38.6105609874939,154,89,2,58,31,1,28.7324237823486,59.1377258300781,67,87,2,2
"86",86,"PPW1510","C1",522793,4273514,-238144.334473649,69411.6401412929,-122.738208165319,38.6098395245444,106,47,1,35,9,1,25,112.982803344727,70,46,1,2
"87",87,"PPW1510","C2",522793,4273534,-238143.698975285,69431.6648861007,-122.738207510361,38.6100197618692,106,47,1,65,34,1,25,112.982803344727,75,68,1,2
"88",88,"PPW1510","C3",522792.999999999,4273554,-238143.063476731,69451.68962945,-122.738206855398,38.6101999991884,216,131,2,43,20,1,28.7324237823486,148.338638305664,80,66,2,2
"89",89,"PPW1510","C4",522793,4273574,-238142.427977984,69471.7143713422,-122.738206200429,38.610380236502,146,83,2,43,20,1,28.7324237823486,71.9518280029297,71,86,2,2
"90",90,"PPW1510","C5",522793,4273594,-238141.792479047,69491.7391117755,-122.738205545454,38.61056047381,146,83,2,15,-3,1,28.7324237823486,71.9518280029297,67,85,2,2
"91",91,"PPW1510","D1",522813,4273514,-238124.363578267,69411.0060442169,-122.737978455061,38.6098390104227,154,97,2,11,-6,1,35.2625427246094,94.802978515625,87,91,2,2
"92",92,"PPW1510","D2",522813,4273534,-238123.728078464,69431.0307887602,-122.737977799529,38.6100192477442,176,110,2,35,13,1,35.2625427246094,100.039497375488,77,95,2,2
"93",93,"PPW1510","D3",522812.999999999,4273554,-238123.09257847,69451.0555318436,-122.737977143991,38.6101994850601,216,131,2,43,20,1,35.2625427246094,148.338638305664,71,99,2,2
"94",94,"PPW1510","D4",522813,4273574,-238122.457078285,69471.080273462,-122.737976488447,38.6103797223704,216,131,2,43,20,1,28.7324237823486,148.338638305664,71,88,2,2
"95",95,"PPW1510","D5",522813,4273594,-238121.821577909,69491.1050136304,-122.737975832897,38.6105599596751,102,57,1,15,-3,1,28.7324237823486,-5.82661962509155,69,73,2,2
"96",96,"PPW1510","E1",522833,4273514,-238104.392683167,69410.3719454403,-122.737748744808,38.6098384958501,149,103,2,11,-6,1,35.2625427246094,37.1823997497559,84,101,2,3
"97",97,"PPW1510","E2",522833,4273534,-238103.757181924,69430.3966897102,-122.737748088702,38.6100187331683,100,59,1,12,-5,1,35.2625427246094,38.3736228942871,81,91,2,2
"98",98,"PPW1510","E3",522833,4273554,-238103.121680494,69450.42143253,-122.737747432589,38.6101989704809,115,66,1,12,-5,1,2.22177743911743,29.7579021453857,80,85,2,2
"99",99,"PPW1510","E4",522833,4273574,-238102.486178869,69470.4461738826,-122.737746776471,38.6103792077879,115,66,1,28,8,1,28.7324237823486,29.7579021453857,63,85,2,2
"100",100,"PPW1510","E5",522833,4273594,-238101.850677055,69490.4709137818,-122.737746120346,38.6105594450893,102,57,1,15,-3,1,28.7324237823486,-5.82661962509155,71,85,2,2
"101",101,"PPW1512","A1",522476,4272810,-238483.241823379,68716.8182603144,-122.741871803882,38.6035032539515,43,15,0,236,178,2,NA,-29.1435794830322,84,83,0,NA
"102",102,"PPW1512","A2",522476,4272830,-238482.606354414,68736.843060493,-122.741871158237,38.6036834915244,43,15,0,236,178,2,NA,-29.1435794830322,88,88,0,NA
"103",103,"PPW1512","A3",522476,4272850,-238481.970885261,68756.8678592113,-122.741870512586,38.6038637290916,-28,-43,0,286,225,2,NA,-9.57719230651855,65,82,0,NA
"104",104,"PPW1512","A4",522476,4272870,-238481.335415923,68776.8926564879,-122.741869866929,38.6040439666534,0,-20,0,256,195,2,NA,18.4143047332764,50,67,0,NA
"105",105,"PPW1512","A5",522475.999999999,4272890,-238480.699946397,68796.9174523139,-122.741869221266,38.6042242042095,0,-20,0,256,195,2,NA,18.4143047332764,67,69,0,NA
"106",106,"PPW1512","B1",522496,4272810,-238463.270974058,68716.1841995451,-122.741642113758,38.6035027470911,43,15,0,337,243,2,NA,-29.1435794830322,88,79,0,NA
"107",107,"PPW1512","B2",522496,4272830,-238462.635503663,68736.2089994545,-122.741641467538,38.6036829846607,43,15,0,236,178,2,NA,-29.1435794830322,101,86,0,NA
"108",108,"PPW1512","B3",522496,4272850,-238462.000033078,68756.2337979167,-122.741640821312,38.6038632222248,34,9,0,161,122,2,NA,-13.1722421646118,82,85,0,NA
"109",109,"PPW1512","B4",522496,4272870,-238461.364562308,68776.2585949241,-122.74164017508,38.6040434597832,26,0,0,161,122,2,NA,-65.8089752197266,72,71,0,NA
"110",110,"PPW1512","B5",522495.999999999,4272890,-238460.729091348,68796.2833904815,-122.741639528843,38.6042236973361,26,0,0,104,70,2,NA,-65.8089752197266,82,77,0,NA
"111",111,"PPW1512","C1",522516,4272810,-238443.300125016,68715.5501370751,-122.741412423639,38.6035022397799,54,23,0,378,298,2,NA,-8.40774250030518,88,73,0,NA
"112",112,"PPW1512","C2",522516,4272830,-238442.664653188,68735.5749367238,-122.741411776844,38.6036824773463,47,20,0,281,225,2,NA,-38.1535987854004,97,82,0,NA
"113",113,"PPW1512","C3",522516,4272850,-238442.029181174,68755.5997349154,-122.741411130044,38.6038627149071,34,9,0,161,122,2,NA,-13.1722421646118,93,88,0,NA
"114",114,"PPW1512","C4",522516,4272870,-238441.393708972,68775.6245316621,-122.741410483238,38.6040429524623,34,9,0,161,122,2,NA,-13.1722421646118,80,74,0,NA
"115",115,"PPW1512","C5",522515.999999999,4272890,-238440.75823658,68795.6493269592,-122.741409836426,38.604223190012,41,12,0,75,44,1,NA,72.2119827270508,75,61,0,NA
"116",116,"PPW1512","D1",522536,4272810,-238423.329276254,68714.9160729097,-122.741182733525,38.6035017320179,54,23,0,378,298,2,NA,-8.40774250030518,85,72,0,NA
"117",117,"PPW1512","D2",522536,4272830,-238422.693802994,68734.9408722925,-122.741182086156,38.6036819695811,37,11,0,183,138,2,NA,30.0820503234863,99,94,0,NA
"118",118,"PPW1512","D3",522536,4272850,-238422.058329547,68754.965670222,-122.741181438782,38.6038622071386,48,22,0,183,138,2,NA,18.6136779785156,95,87,0,NA
"119",119,"PPW1512","D4",522535.999999999,4272870,-238421.422855914,68774.9904667037,-122.741180791401,38.6040424446906,48,22,0,133,96,2,NA,18.6136779785156,90,85,0,NA
"120",120,"PPW1512","D5",522535.999999999,4272890,-238420.787382091,68795.0152617358,-122.741180144015,38.6042226822369,41,12,0,75,44,1,NA,72.2119827270508,61,84,0,NA
"121",121,"PPW1512","E1",522556,4272810,-238403.35842777,68714.2820070493,-122.740953043418,38.6035012238051,45,17,0,286,221,2,NA,-3.81573724746704,87,81,0,NA
"122",122,"PPW1512","E2",522556,4272830,-238402.72295308,68734.3068061685,-122.740952395474,38.603681461365,37,11,0,183,138,2,NA,30.0820503234863,87,90,0,NA
"123",123,"PPW1512","E3",522556,4272850,-238402.087478201,68754.3316038316,-122.740951747525,38.6038616989193,37,11,0,183,138,2,NA,30.0820503234863,88,86,0,NA
"124",124,"PPW1512","E4",522556,4272870,-238401.452003136,68774.3564000474,-122.74095109957,38.604041936468,55,17,0,-16,-28,1,NA,25.5927581787109,73,78,0,NA
"125",125,"PPW1512","E5",522555.999999999,4272890,-238400.816527881,68794.3811948146,-122.740950451609,38.6042221740111,-138,-91,0,-16,-28,1,NA,54.0294761657715,35,83,0,NA
"126",126,"PPW1515","A1",524702,4271533,-236301.072475826,67367.6523532867,-122.716352623596,38.591935916888,96,54,1,63,37,1,6.67143201828003,28.8796901702881,93,93,2,2
"127",127,"PPW1515","A2",524701.999999999,4271553,-236300.436861057,67387.67721503,-122.716351914414,38.5921161544376,104,61,1,63,37,1,6.67143201828003,34.8435859680176,88,63,2,2
"128",128,"PPW1515","A3",524702,4271573,-236299.801246077,67407.7020753361,-122.716351205226,38.5922963919816,104,61,1,63,37,1,6.67143201828003,34.8435859680176,82,67,2,2
"129",129,"PPW1515","A4",524702,4271593,-236299.165630886,67427.7269342029,-122.716350496031,38.5924766295201,103,60,1,36,14,1,6.67143201828003,98.6640319824219,84,75,2,2
"130",130,"PPW1515","A5",524702,4271613,-236298.530015486,67447.7517916327,-122.71634978683,38.592656867053,103,60,1,36,14,1,6.67143201828003,98.6640319824219,87,76,2,2
"131",131,"PPW1515","B1",524721.999999999,4271533,-236281.10174967,67367.0181219606,-122.716122970816,38.5919353600807,148,95,2,56,32,1,6.67143201828003,79.7759017944336,91,66,2,2
"132",132,"PPW1515","B2",524721.999999999,4271553,-236280.466133485,67387.0429834151,-122.71612226106,38.5921155976267,148,95,2,56,32,1,6.67143201828003,79.7759017944336,87,71,2,2
"133",133,"PPW1515","B3",524722,4271573,-236279.830517086,67407.0678434395,-122.716121551298,38.5922958351671,130,84,2,30,10,1,6.67143201828003,91.4694213867188,82,67,1,2
"134",134,"PPW1515","B4",524722,4271593,-236279.194900478,67427.0927020162,-122.716120841529,38.592476072702,103,60,1,30,10,1,6.67143201828003,98.6640319824219,79,65,2,2
"135",135,"PPW1515","B5",524722,4271613,-236278.559283657,67447.1175591624,-122.716120131754,38.5926563102313,103,60,1,36,14,1,10.4287261962891,98.6640319824219,82,72,1,2
"136",136,"PPW1515","C1",524742,4271533,-236261.131023812,67366.3838889496,-122.715893318043,38.5919348028227,148,95,2,51,27,1,6.67143201828003,79.7759017944336,79,71,1,2
"137",137,"PPW1515","C2",524741.999999999,4271553,-236260.49540621,67386.4087501182,-122.715892607713,38.5921150403651,117,73,2,56,32,1,6.67143201828003,86.4683837890625,74,68,1,2
"138",138,"PPW1515","C3",524742,4271573,-236259.859788396,67406.433609853,-122.715891897377,38.592295277902,122,77,2,32,12,1,2.12797617912292,51.8750343322754,70,72,1,2
"139",139,"PPW1515","C4",524742,4271593,-236259.224170369,67426.4584681494,-122.715891187034,38.5924755154333,122,77,2,32,12,1,2.12797617912292,51.8750343322754,77,81,2,2
"140",140,"PPW1515","C5",524742,4271613,-236258.588552133,67446.4833250069,-122.715890476685,38.592655752959,114,69,1,21,2,1,10.4287261962891,84.9222564697266,77,75,2,2
"141",141,"PPW1515","D1",524762.000000001,4271533,-236241.160298258,67365.7496542544,-122.715663665277,38.5919342451141,114,66,1,69,42,1,6.67143201828003,60.6618537902832,79,82,2,2
"142",142,"PPW1515","D2",524761.999999999,4271553,-236240.524679237,67385.7745151413,-122.715662954372,38.5921144826529,117,73,2,35,14,1,2.12797617912292,86.4683837890625,77,66,1,2
"143",143,"PPW1515","D3",524762,4271573,-236239.889060005,67405.7993745902,-122.715662243462,38.5922947201863,122,77,2,35,14,1,2.12797617912292,51.8750343322754,77,72,2,2
"144",144,"PPW1515","D4",524762,4271593,-236239.253440562,67425.8242325992,-122.715661532545,38.592474957714,139,92,2,32,12,1,10.4287261962891,84.1625747680664,80,63,1,2
"145",145,"PPW1515","D5",524762,4271613,-236238.617820906,67445.8490891731,-122.715660821621,38.5926551952361,142,96,2,-2,-17,1,10.4287261962891,100.529319763184,78,58,1,2
"146",146,"PPW1515","E1",524782,4271533,-236221.189573003,67365.1154178781,-122.715434012516,38.5919336869548,91,50,1,52,27,1,2.12797617912292,83.0431976318359,86,78,2,2
"147",147,"PPW1515","E2",524781.999999999,4271553,-236220.553952566,67385.1402784772,-122.715433301038,38.5921139244901,116,74,2,32,12,1,2.12797617912292,74.2108917236328,83,78,2,2
"148",148,"PPW1515","E3",524782,4271573,-236219.918331917,67405.1651376407,-122.715432589553,38.5922941620199,116,74,2,32,12,1,10.4287261962891,74.2108917236328,82,74,1,2
"149",149,"PPW1515","E4",524782,4271593,-236219.282711054,67425.1899953634,-122.715431878062,38.592474399544,139,92,2,45,22,1,10.4287261962891,84.1625747680664,83,67,2,2
"150",150,"PPW1515","E5",524782,4271613,-236218.647089982,67445.2148516499,-122.715431166564,38.5926546370626,142,96,2,-2,-17,1,10.4287261962891,100.529319763184,80,74,1,2
"151",151,"PPW1521","A1",524708,4269560,-236357.783658958,65392.0024525742,-122.716353674368,38.574155288319,183,122,2,17,-1,1,11.6166667938232,51.7717628479004,87,70,2,2
"152",152,"PPW1521","A2",524708,4269580,-236357.148064602,65412.0274549732,-122.71635296564,38.5743355264176,138,92,2,23,4,1,11.6166667938232,19.5899925231934,100,81,2,2
"153",153,"PPW1521","A3",524708,4269600,-236356.512470033,65432.0524559608,-122.716352256905,38.5745157645107,138,92,2,23,4,1,1.68022263050079,19.5899925231934,101,89,2,2
"154",154,"PPW1521","A4",524708,4269620,-236355.876875255,65452.0774555188,-122.716351548163,38.5746960025983,122,80,2,38,17,1,1.68022263050079,49.1381645202637,100,73,2,2
"155",155,"PPW1521","A5",524708,4269640,-236355.241280265,65472.1024536695,-122.716350839416,38.5748762406802,116,73,2,38,17,1,1.68022263050079,27.8774471282959,91,80,2,2
"156",156,"PPW1521","B1",524728,4269560,-236337.81307169,65391.3682488846,-122.716124078207,38.5741547317286,183,122,2,17,-1,1,11.6166667938232,51.7717628479004,87,92,2,2
"157",157,"PPW1521","B2",524728,4269580,-236337.177475937,65411.3932509976,-122.716123368904,38.5743349698237,138,92,2,17,-1,1,11.6166667938232,19.5899925231934,103,66,2,2
"158",158,"PPW1521","B3",524728,4269600,-236336.541879972,65431.4182516974,-122.716122659596,38.5745152079132,100,63,1,18,0,1,11.6166667938232,39.7054138183594,107,76,2,2
"159",159,"PPW1521","B4",524728,4269620,-236335.906283796,65451.4432509723,-122.716121950281,38.5746954459972,110,72,2,34,14,1,1.68022263050079,25.7012023925781,104,63,2,2
"160",160,"PPW1521","B5",524728,4269640,-236335.270687407,65471.4682488372,-122.71612124096,38.5748756840755,110,72,2,34,14,1,2.28283834457397,25.7012023925781,97,88,2,2
"161",161,"PPW1521","C1",524748,4269560,-236317.842484722,65390.7340435325,-122.715894482052,38.5741541746878,129,83,2,48,25,1,11.6166667938232,49.0003471374512,90,70,2,2
"162",162,"PPW1521","C2",524748,4269580,-236317.20688757,65410.7590453583,-122.715893772176,38.5743344127794,129,83,2,48,25,1,1.68022263050079,49.0003471374512,91,87,2,2
"163",163,"PPW1521","C3",524748,4269600,-236316.571290208,65430.7840457689,-122.715893062294,38.5745146508653,100,63,1,18,0,1,1.68022263050079,39.7054138183594,101,72,2,2
"164",164,"PPW1521","C4",524748,4269620,-236315.935692635,65450.8090447648,-122.715892352405,38.5746948889457,110,72,2,18,0,1,1.68022263050079,25.7012023925781,102,95,2,2
"165",165,"PPW1521","C5",524748,4269640,-236315.30009485,65470.8340423419,-122.71589164251,38.5748751270205,62,27,1,15,-3,1,2.28283834457397,2.93602967262268,80,73,2,2
"166",166,"PPW1521","D1",524768,4269560,-236297.871898052,65390.0998365106,-122.715664885903,38.5741536171968,103,63,1,18,0,1,1.68022263050079,121.943687438965,96,95,2,2
"167",167,"PPW1521","D2",524768,4269580,-236297.236299505,65410.1248380514,-122.715664175453,38.5743338552847,96,58,1,15,-2,1,1.68022263050079,29.223611831665,93,75,2,2
"168",168,"PPW1521","D3",524768,4269600,-236296.600700747,65430.1498381803,-122.715663464998,38.5745140933671,67,33,1,40,18,1,1.68022263050079,6.70540714263916,103,66,2,2
"169",169,"PPW1521","D4",524768,4269620,-236295.965101776,65450.1748368917,-122.715662754535,38.5746943314439,67,33,1,40,18,1,1.68022263050079,6.70540714263916,81,84,2,2
"170",170,"PPW1521","D5",524767.999999999,4269640,-236295.329502593,65470.1998341829,-122.715662044067,38.5748745695151,62,27,1,15,-3,1,19.7020988464355,2.93602967262268,59,47,1,1
"171",171,"PPW1521","E1",524788,4269560,-236277.901311684,65389.4656278286,-122.715435289761,38.5741530592554,103,63,1,-1,-16,1,1.68022263050079,121.943687438965,98,87,2,2
"172",172,"PPW1521","E2",524788,4269580,-236277.265711741,65409.4906290877,-122.715434578737,38.5743332973397,96,58,1,15,-2,1,1.68022263050079,29.223611831665,98,82,2,2
"173",173,"PPW1521","E3",524788,4269600,-236276.630111583,65429.5156289251,-122.715433867708,38.5745135354185,47,14,1,66,41,1,1.68022263050079,27.3448886871338,99,72,2,2
"174",174,"PPW1521","E4",524787.999999999,4269620,-236275.994511217,65449.5406273506,-122.715433156672,38.5746937734918,47,14,1,30,10,1,1.68022263050079,27.3448886871338,63,61,1,2
"175",175,"PPW1521","E5",524788,4269640,-236275.358910635,65469.5656243553,-122.71543244563,38.5748740115594,24,-4,1,-53,-54,1,19.7020988464355,135.341079711914,59,60,2,2
"176",176,"PPW1522","A1",525056,4269521,-236011.534939193,65341.918321881,-122.712360103535,38.5737940752055,39,9,1,20,2,1,10.1615495681763,61.6206130981445,90,92,2,2
"177",177,"PPW1522","A2",525055.999999999,4269541,-236010.899320953,65361.9433220536,-122.712359384837,38.5739743132525,110,68,1,0,-15,1,21.9085388183594,36.2600898742676,79,79,2,2
"178",178,"PPW1522","A3",525056,4269561,-236010.263702497,65381.9683208074,-122.712358666133,38.574154551294,110,67,1,54,30,1,21.9085388183594,38.4855880737305,91,87,1,2
"179",179,"PPW1522","A4",525056,4269581,-236009.628083825,65401.9933181535,-122.712357947423,38.5743347893299,118,71,2,54,30,1,7.78440237045288,38.9304428100586,103,52,1,2
"180",180,"PPW1522","A5",525056,4269601,-236008.992464939,65422.0183140794,-122.712357228706,38.5745150273602,118,71,2,83,52,1,7.78440237045288,38.9304428100586,91,60,1,2
"181",181,"PPW1522","B1",525076,4269521,-235991.564359896,65341.2840897944,-122.712130508603,38.5737935107863,103,62,1,41,19,1,10.1615495681763,87.6523971557617,91,59,1,2
"182",182,"PPW1522","B2",525075.999999999,4269541,-235990.92874026,65361.3090896783,-122.712129789332,38.5739737488297,110,68,1,28,8,1,10.1615495681763,36.2600898742676,92,69,1,2
"183",183,"PPW1522","B3",525076,4269561,-235990.293120406,65381.3340881476,-122.712129070054,38.5741539868676,110,67,1,54,30,1,10.1615495681763,38.4855880737305,96,29,1,2
"184",184,"PPW1522","B4",525076,4269581,-235989.657500338,65401.3590852031,-122.71212835077,38.5743342248998,64,23,1,54,30,1,12.0183038711548,71.2913436889648,99,51,1,2
"185",185,"PPW1522","B5",525076,4269601,-235989.021880055,65421.3840808356,-122.712127631479,38.5745144629265,96,46,1,46,19,1,12.0183038711548,7.46983814239502,82,50,1,1
"186",186,"PPW1522","C1",525096,4269521,-235971.5937809,65340.6498560468,-122.711900913678,38.5737929459168,106,59,1,38,17,1,10.1615495681763,103.355537414551,87,58,2,2
"187",187,"PPW1522","C2",525095.999999999,4269541,-235970.958159868,65360.6748556406,-122.711900193833,38.5739731839566,51,15,1,33,12,1,10.1615495681763,95.6027450561523,87,74,2,2
"188",188,"PPW1522","C3",525096,4269561,-235970.322538618,65380.6998538249,-122.711899473982,38.5741534219908,51,15,1,33,12,1,12.0183038711548,95.6027450561523,81,62,1,2
"189",189,"PPW1522","C4",525096,4269581,-235969.686917153,65400.724850582,-122.711898754124,38.5743336600194,64,23,1,-14,-26,1,12.0183038711548,71.2913436889648,75,49,1,1
"190",190,"PPW1522","C5",525096,4269601,-235969.051295474,65420.7498459341,-122.71189803426,38.5745138980425,96,46,1,46,19,1,12.0183038711548,7.46983814239502,63,56,1,1
"191",191,"PPW1522","D1",525116,4269521,-235951.623202211,65340.0156206335,-122.711671318759,38.5737923805969,106,59,1,38,17,1,10.1615495681763,103.355537414551,73,70,2,2
"192",192,"PPW1522","D2",525115.999999999,4269541,-235950.98757978,65360.04061994,-122.711670598341,38.5739726186331,51,15,1,38,17,1,NA,95.6027450561523,64,39,1,1
"193",193,"PPW1522","D3",525116,4269561,-235950.351957134,65380.0656178314,-122.711669877916,38.5741528566637,-191,-106,1,-101,-79,1,12.0183038711548,346.201568603516,55,41,1,1
"194",194,"PPW1522","D4",525116,4269581,-235949.716334273,65400.0906143049,-122.711669157484,38.5743330946887,-148,-92,1,-101,-79,1,NA,181.550903320312,45,0,1,1
"195",195,"PPW1522","D5",525116,4269601,-235949.080711197,65420.115609365,-122.711668437046,38.5745133327082,-46,-47,1,-101,-79,1,NA,164.335464477539,62,32,1,1
"196",196,"PPW1522","E1",525136,4269521,-235931.652623823,65339.3813835536,-122.711441723847,38.5737918148268,16,-9,1,-218,-175,5,10.6050224304199,203.995666503906,59,57,1,2
"197",197,"PPW1522","E2",525135.999999999,4269541,-235931.016999998,65359.4063825766,-122.711441002855,38.5739720528593,16,-9,1,-218,-175,5,NA,203.995666503906,22,12,1,1
"198",198,"PPW1522","E3",525136,4269561,-235930.381375954,65379.431380176,-122.711440281856,38.5741522908863,-191,-106,1,-101,-79,1,NA,346.201568603516,23,11,1,1
"199",199,"PPW1522","E4",525136,4269581,-235929.745751695,65399.4563763598,-122.711439560851,38.5743325289077,-148,-92,1,-101,-79,1,NA,181.550903320312,24,29,1,1
"200",200,"PPW1522","E5",525136,4269601,-235929.110127221,65419.4813711336,-122.711438839839,38.5745127669235,-92,-68,1,34,8,1,NA,187.230438232422,49,19,1,1
"201",201,"PPW1524","A1",523771,4271969,-237216.85509832,67833.7159032351,-122.727028088519,38.5958905184251,74,39,1,-9,-23,1,4.67631864547729,68.1395492553711,86,81,2,2
"202",202,"PPW1524","A2",523771,4271989,-237216.219545149,67853.7407466834,-122.727027405932,38.5960707560161,74,39,1,28,9,1,4.67631864547729,68.1395492553711,79,81,2,2
"203",203,"PPW1524","A3",523771,4272009,-237215.583991775,67873.7655886905,-122.727026723338,38.5962509936015,70,35,1,38,17,1,4.67631864547729,90.4466247558594,77,85,2,2
"204",204,"PPW1524","A4",523771,4272029,-237214.948438201,67893.7904292555,-122.727026040739,38.5964312311814,98,57,1,38,17,1,4.67631864547729,90.3474884033203,78,74,1,2
"205",205,"PPW1524","A5",523770.999999999,4272049,-237214.312884424,67913.8152683801,-122.727025358133,38.5966114687557,98,57,1,41,19,1,4.67631864547729,90.3474884033203,82,69,1,2
"206",206,"PPW1524","B1",523791,4271969,-237196.884327443,67833.0817442532,-122.726798422932,38.5958899825193,82,47,1,-9,-23,1,3.85212564468384,81.1832046508789,80,83,2,2
"207",207,"PPW1524","B2",523791,4271989,-237196.248772848,67853.1065874253,-122.726797739771,38.5960702201069,80,44,1,28,9,1,3.85212564468384,79.6368103027344,83,67,1,2
"208",208,"PPW1524","B3",523791,4272009,-237195.613218052,67873.1314291549,-122.726797056603,38.5962504576889,99,60,1,18,0,1,3.85212564468384,78.915153503418,85,76,2,2
"209",209,"PPW1524","B4",523791,4272029,-237194.977663056,67893.1562694465,-122.726796373429,38.5964306952653,99,60,1,18,0,1,3.85212564468384,78.915153503418,82,86,2,2
"210",210,"PPW1524","B5",523790.999999999,4272049,-237194.342107857,67913.1811082894,-122.726795690249,38.5966109328362,100,54,1,5,-11,1,4.67631864547729,66.623291015625,83,87,2,2
"211",211,"PPW1524","C1",523811,4271969,-237176.913556856,67832.4475835888,-122.726568757351,38.5958894461629,103,62,1,77,49,1,3.85212564468384,81.0625076293945,88,68,2,2
"212",212,"PPW1524","C2",523811,4271989,-237176.27800084,67852.4724264778,-122.726568073615,38.596069683747,80,44,1,69,43,1,3.85212564468384,79.6368103027344,94,90,2,2
"213",213,"PPW1524","C3",523811,4272009,-237175.642444622,67872.4972679336,-122.726567389873,38.5962499213256,99,60,1,69,43,1,3.85212564468384,78.915153503418,94,93,2,2
"214",214,"PPW1524","C4",523811,4272029,-237175.0068882,67892.5221079467,-122.726566706125,38.5964301588985,84,41,1,18,0,1,3.85212564468384,130.374786376953,57,88,2,2
"215",215,"PPW1524","C5",523810.999999999,4272049,-237174.37133158,67912.5469465163,-122.726566022371,38.596610396466,71,26,1,-106,-90,1,3.85212564468384,109.425155639648,64,70,2,2
"216",216,"PPW1524","D1",523831,4271969,-237156.942786561,67831.8134212247,-122.726339091776,38.5958889093557,129,74,2,12,-5,1,4.67631864547729,19.4691848754883,87,88,2,2
"217",217,"PPW1524","D2",523831,4271989,-237156.307229121,67851.8382638446,-122.726338407466,38.5960691469364,139,82,2,-10,-23,1,3.85212564468384,107.209671020508,79,93,2,2
"218",218,"PPW1524","D3",523831,4272009,-237155.671671481,67871.8631050205,-122.72633772315,38.5962493845115,139,82,2,-10,-23,1,3.85212564468384,107.209671020508,78,98,2,2
"219",219,"PPW1524","D4",523831,4272029,-237155.036113639,67891.8879447598,-122.726337038827,38.5964296220811,84,41,1,-76,-72,1,3.85212564468384,130.374786376953,67,87,2,2
"220",220,"PPW1524","D5",523830.999999999,4272049,-237154.400555595,67911.912783049,-122.726336354499,38.596609859645,71,26,1,-76,-72,1,3.85212564468384,109.425155639648,76,82,1,2
"221",221,"PPW1524","E1",523851,4271969,-237136.972016558,67831.1792571768,-122.726109426207,38.5958883720979,129,74,2,12,-5,1,4.67631864547729,19.4691848754883,73,68,2,2
"222",222,"PPW1524","E2",523851,4271989,-237136.336457698,67851.2040995252,-122.726108741323,38.5960686096751,129,74,2,12,-5,1,3.85212564468384,19.4691848754883,48,63,1,2
"223",223,"PPW1524","E3",523851,4272009,-237135.700898635,67871.2289404203,-122.726108056432,38.5962488472468,-124,-76,1,-301,-214,5,NA,160.890106201172,33,60,2,2
"224",224,"PPW1524","E4",523851,4272029,-237135.06533937,67891.2537798807,-122.726107371536,38.5964290848129,-57,-48,1,-330,-220,5,NA,183.894943237305,57,59,1,2
"225",225,"PPW1524","E5",523850.999999999,4272049,-237134.429779904,67911.2786178952,-122.726106686633,38.5966093223734,-57,-48,1,-330,-220,5,NA,183.894943237305,79,64,1,2
"226",226,"PPW1525","A1",526435,4270776,-234594.672688632,66554.7488543824,-122.696481954972,38.5850640141327,118,56,1,7,-9,0,52.5445442199707,205.599075317383,80,59,1,2
"227",227,"PPW1525","A2",526435,4270796,-234594.036959749,66574.7737449193,-122.696481196296,38.5852442515734,71,33,1,22,3,0,11.3327445983887,131.681945800781,60,39,1,1
"228",228,"PPW1525","A3",526435,4270816,-234593.401230634,66594.7986340257,-122.696480437613,38.5854244890085,110,60,1,22,3,0,11.3327445983887,185.92350769043,48,28,1,1
"229",229,"PPW1525","A4",526435,4270836,-234592.765501291,66614.8235217119,-122.696479678923,38.5856047264381,110,60,1,42,20,0,11.3327445983887,185.92350769043,47,42,1,1
"230",230,"PPW1525","A5",526435,4270856,-234592.129771718,66634.84840796,-122.696478920227,38.5857849638621,106,52,1,9,-8,0,11.3327445983887,214.726104736328,53,66,1,2
"231",231,"PPW1525","B1",526455,4270776,-234574.702042732,66554.1144886464,-122.69625232449,38.5850634184237,222,126,2,7,-9,0,52.5445442199707,213.015686035156,71,57,1,2
"232",232,"PPW1525","B2",526455,4270796,-234574.066312439,66574.1393788802,-122.69625156524,38.5852436558605,90,43,1,26,6,0,52.5445442199707,136.378173828125,69,61,1,2
"233",233,"PPW1525","B3",526455,4270816,-234573.430581914,66594.1642676881,-122.696250805983,38.5854238932919,90,43,1,26,6,0,34.4585838317871,136.378173828125,53,55,1,1
"234",234,"PPW1525","B4",526455,4270836,-234572.794851162,66614.1891550678,-122.696250046719,38.5856041307176,106,54,1,-10,-23,0,34.4585838317871,159.616577148438,54,26,1,1
"235",235,"PPW1525","B5",526455,4270856,-234572.15912018,66634.2140410161,-122.696249287449,38.5857843681378,106,52,1,9,-8,0,11.3327445983887,214.726104736328,60,54,1,2
"236",236,"PPW1525","C1",526475,4270776,-234554.731397148,66553.4801212349,-122.696022694014,38.5850628222641,222,126,2,68,36,0,52.5445442199707,213.015686035156,68,65,1,2
"237",237,"PPW1525","C2",526475,4270796,-234554.095665445,66573.505011173,-122.69602193419,38.5852430596972,90,43,1,68,36,0,66.4570236206055,136.378173828125,67,62,1,2
"238",238,"PPW1525","C3",526475,4270816,-234553.459933513,66593.5298996731,-122.696021174359,38.5854232971247,139,76,2,26,6,0,34.4585838317871,181.387496948242,61,36,1,1
"239",239,"PPW1525","C4",526475,4270836,-234552.824201351,66613.5547867515,-122.696020414522,38.5856035345466,75,32,1,22,3,0,34.4585838317871,170.382843017578,55,66,1,1
"240",240,"PPW1525","C5",526475,4270856,-234552.18846896,66633.5796723966,-122.696019654677,38.5857837719629,116,62,1,22,3,0,11.3327445983887,136.375930786133,55,49,1,2
"241",241,"PPW1525","D1",526495,4270776,-234534.760751881,66552.8457521508,-122.695793063545,38.5850622256541,398,245,2,132,78,0,66.4570236206055,194.245178222656,69,107,1,2
"242",242,"PPW1525","D2",526495,4270796,-234534.125018771,66572.8706417857,-122.695792303148,38.5852424630834,398,245,2,132,78,0,66.4570236206055,194.245178222656,68,60,1,2
"243",243,"PPW1525","D3",526495,4270816,-234533.489285429,66592.8955299873,-122.695791542743,38.585422700507,139,76,2,47,20,0,66.4570236206055,181.387496948242,64,73,1,2
"244",244,"PPW1525","D4",526495,4270836,-234532.853551858,66612.9204167621,-122.695790782331,38.5856029379251,75,32,1,22,3,0,11.3327445983887,170.382843017578,58,41,1,1
"245",245,"PPW1525","D5",526495,4270856,-234532.217818058,66632.9453021018,-122.695790021913,38.5857831753376,35,4,1,22,3,0,11.3327445983887,175.692169189453,61,59,1,1
"246",246,"PPW1525","E1",526515,4270776,-234514.790106934,66552.2113813902,-122.695563433084,38.5850616285936,398,245,2,93,50,0,66.4570236206055,194.245178222656,82,74,2,2
"247",247,"PPW1525","E2",526515,4270796,-234514.154372414,66572.2362707201,-122.695562672112,38.585241866019,478,328,3,161,99,0,66.4570236206055,165.368637084961,76,82,2,2
"248",248,"PPW1525","E3",526515,4270816,-234513.518637663,66592.2611586228,-122.695561911133,38.5854221034388,279,170,2,55,26,0,52.5445442199707,194.269836425781,67,36,1,1
"249",249,"PPW1525","E4",526515,4270836,-234512.882902683,66612.286045095,-122.695561150147,38.5856023408531,35,4,1,55,26,0,11.3327445983887,175.692169189453,59,49,1,1
"250",250,"PPW1525","E5",526515,4270856,-234512.247167474,66632.310930131,-122.695560389155,38.5857825782618,35,4,1,-8,-22,0,11.3327445983887,175.692169189453,50,45,1,1
"251",251,"PPW1532","A1",524932,4271247,-236080.498644134,67074.0029585008,-122.713721852037,38.5893520894171,152,97,2,61,36,1,9.73478317260742,132.732894897461,63,59,1,2
"252",252,"PPW1532","A2",524932,4271267,-236079.863016117,67094.0278374851,-122.713721136344,38.5895323270053,152,97,2,61,36,1,9.73478317260742,132.732894897461,50,59,1,2
"253",253,"PPW1532","A3",524932,4271287,-236079.227387889,67114.0527150226,-122.713720420645,38.5897125645878,116,71,2,34,14,1,9.73478317260742,103.691513061523,55,74,2,2
"254",254,"PPW1532","A4",524932,4271307,-236078.591759446,67134.0775911277,-122.713719704939,38.5898928021648,116,71,2,34,14,1,9.73478317260742,103.691513061523,71,68,2,2
"255",255,"PPW1532","A5",524932,4271327,-236077.956130788,67154.1024658028,-122.713718989226,38.5900730397362,81,48,1,5,-10,1,9.73478317260742,73.2735290527344,93,76,2,2
"256",256,"PPW1532","B1",524952,4271247,-236060.527941689,67073.368711933,-122.713492207541,38.5893515274791,176,121,2,61,36,1,9.73478317260742,78.0681381225586,62,65,1,2
"257",257,"PPW1532","B2",524952,4271267,-236059.89231226,67093.3935906217,-122.713491491274,38.5895317650637,110,68,1,61,36,1,9.73478317260742,77.9135131835938,59,73,2,2
"258",258,"PPW1532","B3",524952,4271287,-236059.256682616,67113.4184678728,-122.713490775,38.5897120026426,127,86,2,30,11,1,9.73478317260742,22.131763458252,63,55,1,2
"259",259,"PPW1532","B4",524952,4271307,-236058.621052758,67133.4433436939,-122.71349005872,38.589892240216,127,86,2,25,6,1,0.871021807193756,22.131763458252,86,81,2,2
"260",260,"PPW1532","B5",524952,4271327,-236057.985422685,67153.4682180756,-122.713489342434,38.5900724777838,81,49,1,27,8,1,0.871021807193756,28.9279766082764,106,85,2,2
"261",261,"PPW1532","C1",524972,4271247,-236040.557239548,67072.7344636791,-122.713262563052,38.5893509650906,120,76,2,42,21,1,9.73478317260742,61.2496871948242,77,74,2,2
"262",262,"PPW1532","C2",524972,4271267,-236039.921608703,67092.7593420786,-122.71326184621,38.5895312026715,110,68,1,30,11,1,0,77.9135131835938,83,74,2,2
"263",263,"PPW1532","C3",524972,4271287,-236039.285977643,67112.7842190508,-122.713261129363,38.5897114402469,110,68,1,30,11,1,0,77.9135131835938,90,97,2,2
"264",264,"PPW1532","C4",524972,4271307,-236038.650346373,67132.8090945771,-122.713260412508,38.5898916778166,143,99,2,25,6,1,0.871021807193756,81.3453979492188,103,93,2,2
"265",265,"PPW1532","C5",524972,4271327,-236038.014714886,67152.8339686701,-122.713259695648,38.5900719153808,160,111,2,1,-14,1,11.2461738586426,102.841033935547,98,64,1,2
"266",266,"PPW1532","D1",524992,4271247,-236020.586537709,67072.1002137484,-122.713032918568,38.5893504022514,100,64,1,42,21,1,0,33.7766456604004,81,66,2,2
"267",267,"PPW1532","D2",524992,4271267,-236019.950905451,67092.1250918605,-122.713032201153,38.5895306398287,82,49,1,42,21,1,0,34.1713371276855,92,97,2,2
"268",268,"PPW1532","D3",524992,4271287,-236019.315272977,67112.149968538,-122.713031483731,38.5897108774005,82,49,1,24,6,1,0,34.1713371276855,98,80,2,2
"269",269,"PPW1532","D4",524992,4271307,-236018.679640291,67132.1748437765,-122.713030766303,38.5898911149666,143,99,2,54,31,1,11.2461738586426,81.3453979492188,94,79,2,2
"270",270,"PPW1532","D5",524992,4271327,-236018.04400739,67152.1997175836,-122.713030048868,38.5900713525272,160,111,2,54,31,1,11.2461738586426,102.841033935547,76,65,1,2
"271",271,"PPW1532","E1",525012,4271247,-236000.615836174,67071.465962132,-122.712803274091,38.5893498389617,100,64,1,42,21,1,6.45590543746948,33.7766456604004,110,79,2,2
"272",272,"PPW1532","E2",525012,4271267,-235999.9802025,67091.4908399554,-122.712802556102,38.5895300765354,100,64,1,42,21,1,6.45590543746948,33.7766456604004,107,76,2,2
"273",273,"PPW1532","E3",525012,4271287,-235999.344568613,67111.5157163455,-122.712801838106,38.5897103141035,123,83,2,0,-15,1,6.45590543746948,68.6351547241211,104,76,1,2
"274",274,"PPW1532","E4",525012,4271307,-235998.708934513,67131.5405913009,-122.712801120104,38.5898905516661,173,118,2,25,6,1,11.2461738586426,103.866622924805,91,75,2,2
"275",275,"PPW1532","E5",525012,4271327,-235998.073300197,67151.5654648202,-122.712800402095,38.590070789223,173,118,2,25,6,1,11.2461738586426,103.866622924805,77,63,1,2
"276",276,"PPW1535","A1",525065,4271016,-235955.035075218,66838.4977533277,-122.712203026143,38.587266599795,35,6,1,-303,-212,5,3.68578910827637,107.311584472656,29,38,1,1
"277",277,"PPW1535","A2",525064.999999999,4271036,-235954.399440279,66858.5226469333,-122.712202306706,38.5874468374235,35,6,1,-303,-212,5,3.68578910827637,107.311584472656,72,55,1,2
"278",278,"PPW1535","A3",525065,4271056,-235953.763805124,66878.5475391117,-122.712201587263,38.5876270750465,103,66,1,-70,-70,1,3.68578910827637,24.1750411987305,96,58,1,2
"279",279,"PPW1535","A4",525065,4271076,-235953.128169754,66898.5724298568,-122.712200867814,38.5878073126639,109,71,2,29,10,1,9.73478317260742,78.7035446166992,104,56,2,2
"280",280,"PPW1535","A5",525065,4271096,-235952.492534168,66918.5973191699,-122.712200148358,38.5879875502757,109,71,2,29,10,1,2.54107618331909,78.7035446166992,104,81,2,2
"281",281,"PPW1535","B1",525085,4271016,-235935.06439111,66837.8634989201,-122.71197338832,38.5872660349025,35,6,1,-57,-61,1,3.68578910827637,107.311584472656,71,68,2,2
"282",282,"PPW1535","B2",525085,4271036,-235934.428754759,66857.8883922384,-122.711972668309,38.5874462725274,98,62,1,-303,-212,5,3.68578910827637,53.6747856140137,100,79,2,2
"283",283,"PPW1535","B3",525085,4271056,-235933.79311819,66877.9132841234,-122.711971948292,38.5876265101467,94,57,1,-2,-17,1,3.68578910827637,44.829719543457,105,47,1,2
"284",284,"PPW1535","B4",525085,4271076,-235933.157481409,66897.9381745765,-122.711971228269,38.5878067477605,122,81,2,-2,-17,1,3.68578910827637,40.8610954284668,109,62,2,2
"285",285,"PPW1535","B5",525085,4271096,-235932.521844413,66917.9630636023,-122.711970508239,38.5879869853687,122,81,2,11,-5,1,3.68578910827637,40.8610954284668,110,55,1,2
"286",286,"PPW1535","C1",525105,4271016,-235915.093707305,66837.2292428287,-122.711743750503,38.5872654695594,88,48,1,-4,-19,1,3.68578910827637,96.8603820800781,100,80,2,2
"287",287,"PPW1535","C2",525104.999999999,4271036,-235914.458069543,66857.2541358606,-122.711743029919,38.5874457071807,98,62,1,4,-11,1,3.68578910827637,53.6747856140137,105,82,2,2
"288",288,"PPW1535","C3",525105,4271056,-235913.822431563,66877.2790274569,-122.711742309327,38.5876259447964,94,57,1,-2,-17,1,3.68578910827637,44.829719543457,99,69,1,2
"289",289,"PPW1535","C4",525105,4271076,-235913.186793369,66897.3039176213,-122.71174158873,38.5878061824066,88,52,1,-2,-17,1,3.68578910827637,74.4716796875,97,74,2,2
"290",290,"PPW1535","C5",525105,4271096,-235912.55115496,66917.3288063523,-122.711740868126,38.5879864200111,109,71,2,17,0,1,3.68578910827637,65.9315795898438,103,76,2,2
"291",291,"PPW1535","D1",525125,4271016,-235895.123023807,66836.5949850585,-122.711514112693,38.5872649037658,78,45,1,31,12,1,3.68578910827637,52.9119987487793,100,68,2,2
"292",292,"PPW1535","D2",525124.999999999,4271036,-235894.48738463,66856.6198778022,-122.711513391534,38.5874451413835,76,43,1,24,6,1,3.68578910827637,58.2010841369629,94,64,1,2
"293",293,"PPW1535","D3",525125,4271056,-235893.85174524,66876.6447691135,-122.711512670369,38.5876253789956,88,52,1,24,6,1,3.68578910827637,74.4716796875,95,66,1,2
"294",294,"PPW1535","D4",525125,4271076,-235893.216105632,66896.6696589859,-122.711511949198,38.5878056166021,88,52,1,8,-8,1,3.68578910827637,74.4716796875,101,73,2,2
"295",295,"PPW1535","D5",525125,4271096,-235892.580465812,66916.6945474311,-122.71151122802,38.587985854203,109,71,2,17,0,1,2.54107618331909,65.9315795898438,106,82,2,2
"296",296,"PPW1535","E1",525145,4271016,-235875.152340612,66835.960725612,-122.711284474889,38.5872643375217,78,45,1,31,12,1,3.68578910827637,52.9119987487793,106,58,1,1
"297",297,"PPW1535","E2",525144.999999999,4271036,-235874.516700024,66855.9856180665,-122.711283753157,38.5874445751357,76,43,1,24,6,1,3.68578910827637,58.2010841369629,100,77,1,2
"298",298,"PPW1535","E3",525145,4271056,-235873.88105922,66876.0105090821,-122.711283031417,38.5876248127442,79,46,1,17,0,1,3.68578910827637,40.9644775390625,97,64,1,2
"299",299,"PPW1535","E4",525145,4271076,-235873.245418201,66896.03539867,-122.711282309672,38.587805050347,105,67,1,28,9,1,3.68578910827637,42.5002517700195,111,82,2,2
"300",300,"PPW1535","E5",525145,4271096,-235872.609776968,66916.0602868274,-122.71128158792,38.5879852879444,84,52,1,28,9,1,3.68578910827637,52.1088180541992,116,89,2,2
"301",301,"PPW1538","A1",524917,4269672,-236145.53162395,65497.514920284,-122.713950392263,38.5751587827845,89,55,1,114,81,2,1.72992205619812,18.5710163116455,103,70,1,2
"302",302,"PPW1538","A2",524917,4269692,-236144.896013801,65517.53991176,-122.713949677504,38.5753390208145,102,66,1,114,81,2,1.72992205619812,2.59512758255005,108,70,1,2
"303",303,"PPW1538","A3",524916.999999999,4269712,-236144.260403437,65537.5649018195,-122.713948962738,38.5755192588389,79,47,1,63,38,1,2.20032048225403,3.02748680114746,110,84,2,2
"304",304,"PPW1538","A4",524917,4269732,-236143.624792863,65557.5898904586,-122.713948247966,38.5756994968578,96,63,1,50,27,1,2.20032048225403,3.30229544639587,108,67,1,2
"305",305,"PPW1538","A5",524917,4269752,-236142.989182073,65577.6148776761,-122.713947533188,38.5758797348711,96,63,1,50,27,1,2.20032048225403,3.30229544639587,106,73,2,2
"306",306,"PPW1538","B1",524937,4269672,-236125.561032001,65496.8806975987,-122.713720792955,38.5751582214679,102,66,1,121,89,2,7.78440237045288,2.59512758255005,106,62,1,2
"307",307,"PPW1538","B2",524937,4269692,-236124.925420454,65516.9056887869,-122.713720077622,38.5753384594943,102,66,1,103,72,2,1.72992205619812,2.59512758255005,106,55,1,2
"308",308,"PPW1538","B3",524936.999999999,4269712,-236124.289808693,65536.9306785562,-122.713719362283,38.5755186975152,79,47,1,63,38,1,1.72992205619812,3.02748680114746,110,50,1,2
"309",309,"PPW1538","B4",524937,4269732,-236123.654196718,65556.9556669039,-122.713718646938,38.5756989355304,87,54,1,63,38,1,2.20032048225403,17.0842132568359,109,81,2,2
"310",310,"PPW1538","B5",524937,4269752,-236123.01858453,65576.9806538434,-122.713717931586,38.5758791735401,58,30,1,54,31,1,2.20032048225403,11.2830543518066,109,68,1,2
"311",311,"PPW1538","C1",524957,4269672,-236105.590440353,65496.2464732435,-122.713491193654,38.575157659701,74,43,1,101,71,2,7.78440237045288,-6.6241979598999,107,58,1,2
"312",312,"PPW1538","C2",524957,4269692,-236104.954827409,65516.2714641471,-122.713490477748,38.5753378977238,98,63,1,124,91,2,1.72992205619812,10.0340261459351,102,60,1,2
"313",313,"PPW1538","C3",524957,4269712,-236104.319214251,65536.2964536264,-122.713489761835,38.575518135741,87,54,1,124,91,2,1.72992205619812,17.0842132568359,106,66,1,2
"314",314,"PPW1538","C4",524957,4269732,-236103.683600877,65556.3214416876,-122.713489045916,38.5756983737527,87,54,1,63,38,1,2.20032048225403,17.0842132568359,107,87,2,2
"315",315,"PPW1538","C5",524957,4269752,-236103.047987289,65576.3464283366,-122.71348832999,38.5758786117588,58,30,1,54,31,1,2.20032048225403,11.2830543518066,107,66,1,2
"316",316,"PPW1538","D1",524977,4269672,-236085.619849009,65495.6122472216,-122.71326159436,38.5751570974837,74,43,1,101,71,2,7.78440237045288,-6.6241979598999,108,66,1,2
"317",317,"PPW1538","D2",524977,4269692,-236084.984234666,65515.6372378361,-122.713260877879,38.5753373355029,98,63,1,124,91,2,1.72992205619812,10.0340261459351,104,57,1,2
"318",318,"PPW1538","D3",524976.999999999,4269712,-236084.348620109,65535.6622270304,-122.713260161393,38.5755175735166,119,76,2,130,92,2,1.72992205619812,-20.3081817626953,107,64,1,2
"319",319,"PPW1538","D4",524977,4269732,-236083.713005337,65555.6872148099,-122.7132594449,38.5756978115246,90,56,1,99,69,2,1.72992205619812,12.4250392913818,107,70,1,2
"320",320,"PPW1538","D5",524977,4269752,-236083.077390351,65575.7122011688,-122.713258728401,38.5758780495271,76,43,1,64,39,1,2.20032048225403,6.48512744903564,107,61,1,2
"321",321,"PPW1538","E1",524997,4269672,-236065.649257967,65494.9780195323,-122.713031995071,38.5751565348161,120,76,2,135,99,2,1.72992205619812,9.7920560836792,104,63,1,2
"322",322,"PPW1538","E2",524997,4269692,-236065.013642226,65515.0030098627,-122.713031278018,38.5753367728317,119,76,2,135,99,2,1.72992205619812,-20.3081817626953,100,54,1,2
"323",323,"PPW1538","E3",524996.999999999,4269712,-236064.37802627,65535.0279987706,-122.713030560957,38.5755170108417,119,76,2,130,92,2,1.72992205619812,-20.3081817626953,104,65,1,2
"324",324,"PPW1538","E4",524997,4269732,-236063.7424101,65555.0529862572,-122.713029843891,38.5756972488461,90,56,1,99,69,2,1.72992205619812,12.4250392913818,105,53,1,2
"325",325,"PPW1538","E5",524997,4269752,-236063.106793716,65575.0779723315,-122.713029126818,38.575877486845,117,71,2,39,17,1,12.5,41.6071357727051,104,58,1,2
"326",326,"PPW1539","A1",524873,4269834,-236184.318503875,65661.1125996169,-122.714449731252,38.5766199440425,84,52,1,80,53,1,2.20032048225403,2.55454158782959,105,72,1,2
"327",327,"PPW1539","A2",524873,4269854,-236183.682895075,65681.1375802318,-122.714449017704,38.5768001820352,88,53,1,83,54,1,2.20032048225403,10.3920154571533,105,67,1,2
"328",328,"PPW1539","A3",524872.999999999,4269874,-236183.047286063,65701.1625594259,-122.714448304149,38.5769804200224,88,50,1,83,54,1,2.20032048225403,12.9660997390747,90,79,1,2
"329",329,"PPW1539","A4",524873,4269894,-236182.411676835,65721.1875371998,-122.714447590587,38.577160658004,88,50,1,83,54,1,15.4315986633301,12.9660997390747,78,39,1,1
"330",330,"PPW1539","A5",524873,4269914,-236181.776067396,65741.212513566,-122.714446877019,38.57734089598,70,30,1,73,43,1,15.4315986633301,71.7194213867188,62,16,1,1
"331",331,"PPW1539","B1",524893,4269834,-236164.347899933,65660.4783782698,-122.714220127284,38.5766193836876,86,51,1,73,47,1,2.20032048225403,20.214204788208,98,61,1,2
"332",332,"PPW1539","B2",524893,4269854,-236163.712289731,65680.5033586002,-122.714219413162,38.5767996216767,88,53,1,83,54,1,2.20032048225403,10.3920154571533,92,60,1,1
"333",333,"PPW1539","B3",524892.999999999,4269874,-236163.076679321,65700.5283375084,-122.714218699033,38.5769798596603,88,53,1,83,54,1,15.4315986633301,10.3920154571533,89,32,1,1
"334",334,"PPW1539","B4",524893,4269894,-236162.441068694,65720.5533149932,-122.714217984898,38.5771600976383,114,65,1,122,81,2,15.4315986633301,29.5476264953613,90,60,1,1
"335",335,"PPW1539","B5",524893,4269914,-236161.805457854,65740.5782910716,-122.714217270756,38.5773403356107,101,55,1,73,41,1,15.4315986633301,55.978099822998,94,67,1,2
"336",336,"PPW1539","C1",524913,4269834,-236144.377296292,65659.8441552529,-122.713990523322,38.5766188228823,94,53,1,48,24,1,2.20032048225403,21.4457702636719,92,62,1,2
"337",337,"PPW1539","C2",524913,4269854,-236143.741684691,65679.8691352955,-122.713989808626,38.5767990608679,86,47,1,48,24,1,15.4315986633301,31.5142822265625,90,37,1,1
"338",338,"PPW1539","C3",524912.999999999,4269874,-236143.10607288,65699.8941139164,-122.713989093923,38.5769792988478,86,47,1,67,40,1,15.0577363967896,31.5142822265625,89,24,1,1
"339",339,"PPW1539","C4",524913,4269894,-236142.470460853,65719.9190911208,-122.713988379214,38.5771595368222,114,65,1,122,81,2,15.0577363967896,29.5476264953613,79,42,1,1
"340",340,"PPW1539","C5",524913,4269914,-236141.834848613,65739.9440669063,-122.713987664499,38.5773397747911,101,55,1,122,81,2,15.4315986633301,55.978099822998,81,24,1,1
"341",341,"PPW1539","D1",524933,4269834,-236124.406692953,65659.2099305736,-122.713760919366,38.5766182616266,94,53,1,48,24,1,15.4315986633301,21.4457702636719,74,33,1,1
"342",342,"PPW1539","D2",524933,4269854,-236123.771079953,65679.2349103303,-122.713760204096,38.5767984996086,153,91,2,48,24,1,15.4315986633301,66.2634963989258,76,24,1,1
"343",343,"PPW1539","D3",524932.999999999,4269874,-236123.135466743,65699.2598886676,-122.71375948882,38.576978737585,149,80,2,130,84,2,15.0577363967896,87.6762313842773,79,70,1,1
"344",344,"PPW1539","D4",524933,4269894,-236122.499853315,65719.2848655819,-122.713758773537,38.5771589755558,124,65,1,91,54,1,15.0577363967896,50.8114166259766,77,41,1,2
"345",345,"PPW1539","D5",524933,4269914,-236121.864239674,65739.3098410768,-122.713758058248,38.577339213521,124,65,1,91,54,1,15.0577363967896,50.8114166259766,71,5,1,1
"346",346,"PPW1539","E1",524953,4269834,-236104.436089915,65658.5757042258,-122.713531315417,38.5766176999206,153,91,2,86,52,1,15.4315986633301,66.2634963989258,95,63,1,2
"347",347,"PPW1539","E2",524953,4269854,-236103.800475517,65678.6006836919,-122.713530599573,38.576797937899,153,91,2,94,57,1,15.0577363967896,66.2634963989258,65,59,1,2
"348",348,"PPW1539","E3",524953,4269874,-236103.164860905,65698.6256617405,-122.713529883723,38.5769781758718,149,80,2,130,84,2,15.0577363967896,87.6762313842773,66,43,1,1
"349",349,"PPW1539","E4",524953,4269894,-236102.529246079,65718.650638367,-122.713529167867,38.577158413839,205,138,2,88,52,1,49.5317878723145,93.488037109375,71,40,1,1
"350",350,"PPW1539","E5",524953,4269914,-236101.89363104,65738.6756135803,-122.713528452004,38.5773386518006,205,138,2,65,37,1,49.5317878723145,93.488037109375,77,57,1,1
"351",351,"PPW1540","A1",527174,4269258,-233905.012617005,65011.4154357454,-122.688056286053,38.5713616762934,480,377,3,-48,-46,0,54.5174026489258,93.5753631591797,113,84,2,2
"352",352,"PPW1540","A2",527174,4269278,-233904.376854048,65031.4404229117,-122.688055506698,38.5715419140145,392,298,2,125,72,0,54.5174026489258,153.201278686523,116,83,2,2
"353",353,"PPW1540","A3",527174,4269298,-233903.741090857,65051.4654086689,-122.688054727336,38.57172215173,415,330,3,91,50,0,54.5174026489258,137.730331420898,114,71,2,2
"354",354,"PPW1540","A4",527174,4269318,-233903.105327425,65071.4903930114,-122.688053947967,38.5719023894399,511,423,3,91,50,0,54.5174026489258,160.080139160156,122,41,2,2
"355",355,"PPW1540","A5",527174,4269338,-233902.469563757,65091.5153759359,-122.688053168591,38.5720826271443,687,577,3,101,53,0,45.0501518249512,209.211547851562,129,101,2,2
"356",356,"PPW1540","B1",527194,4269258,-233885.042089279,65010.7810315671,-122.687826699373,38.571361064236,468,385,3,-27,-34,0,54.5174026489258,135.208557128906,115,59,2,2
"357",357,"PPW1540","B2",527194,4269278,-233884.40632493,65030.8060184289,-122.687825919445,38.5715413019532,483,394,3,5,-11,0,54.5174026489258,131.982238769531,119,71,2,2
"358",358,"PPW1540","B3",527194,4269298,-233883.770560344,65050.8310038773,-122.687825139509,38.5717215396648,511,423,3,5,-11,0,45.0501518249512,160.080139160156,118,71,2,2
"359",359,"PPW1540","B4",527194,4269318,-233883.134795521,65070.8559879009,-122.687824359567,38.5719017773708,511,423,3,130,84,0,45.0501518249512,160.080139160156,122,107,2,2
"360",360,"PPW1540","B5",527194,4269338,-233882.499030459,65090.8809705186,-122.687823579618,38.5720820150712,687,577,3,101,53,0,45.0501518249512,209.211547851562,130,113,2,2
"361",361,"PPW1540","C1",527214,4269258,-233865.071561878,65010.1466257293,-122.687597112701,38.5713604517284,468,385,3,-27,-34,0,54.5174026489258,135.208557128906,114,78,2,2
"362",362,"PPW1540","C2",527214,4269278,-233864.435796137,65030.1716122781,-122.687596332199,38.5715406894416,483,394,3,5,-11,0,54.5174026489258,131.982238769531,119,87,2,2
"363",363,"PPW1540","C3",527214,4269298,-233863.800030156,65050.1965974164,-122.68759555169,38.5717209271493,595,494,3,-25,-31,0,54.5174026489258,195.608489990234,125,93,2,2
"364",364,"PPW1540","C4",527214,4269318,-233863.164263941,65070.2215811382,-122.687594771174,38.5719011648514,684,575,3,71,29,0,99.1544876098633,246.672317504883,128,77,3,2
"365",365,"PPW1540","C5",527214,4269338,-233862.528497487,65090.2465634453,-122.687593990651,38.5720814025479,882,748,4,71,29,0,99.1544876098633,295.814147949219,142,110,2,3
"366",366,"PPW1540","D1",527234,4269258,-233845.101034801,65009.5122182299,-122.687367526036,38.5713598387704,382,307,2,22,1,0,54.5174026489258,107.785736083984,115,67,2,2
"367",367,"PPW1540","D2",527234,4269278,-233844.465267668,65029.5372044686,-122.68736674496,38.5715400764797,595,494,3,22,1,0,54.5174026489258,195.608489990234,126,65,2,2
"368",368,"PPW1540","D3",527234,4269298,-233843.829500295,65049.5621892978,-122.687365963878,38.5717203141835,595,494,3,-25,-31,0,54.5174026489258,195.608489990234,137,55,1,2
"369",369,"PPW1540","D4",527234,4269318,-233843.193732686,65069.5871727071,-122.687365182788,38.5719005518816,684,575,3,71,29,0,99.1544876098633,246.672317504883,136,86,2,2
"370",370,"PPW1540","D5",527234,4269338,-233842.557964837,65089.612154711,-122.687364401691,38.5720807895742,740,635,4,101,43,0,99.1544876098633,227.070388793945,145,112,3,2
"371",371,"PPW1540","E1",527254,4269258,-233825.130508051,65008.8778090691,-122.687137939378,38.5713592253622,395,320,3,22,1,0,21.4504680633545,161.146820068359,112,59,1,2
"372",372,"PPW1540","E2",527254,4269278,-233824.494739524,65028.9027950019,-122.687137157728,38.5715394630676,395,320,3,-15,-26,0,81.0024566650391,161.146820068359,112,67,2,2
"373",373,"PPW1540","E3",527254,4269298,-233823.858970759,65048.9277795185,-122.687136376072,38.5717197007674,620,522,3,23,0,0,81.0024566650391,191.530914306641,125,88,2,2
"374",374,"PPW1540","E4",527254,4269318,-233823.223201756,65068.9527626187,-122.687135594409,38.5718999384616,740,635,4,23,0,0,81.0024566650391,227.070388793945,130,96,2,2
"375",375,"PPW1540","E5",527254,4269338,-233822.587432514,65088.9777443125,-122.687134812739,38.5720801761503,740,635,4,101,43,0,81.0024566650391,227.070388793945,131,113,3,3
"376",376,"PPW1544","A1",522837,4272850,-238121.497046415,68745.4227916221,-122.737724585987,38.6038545107749,-72,-66,0,37,15,1,NA,17.8251247406006,55,58,0,NA
"377",377,"PPW1544","A2",522837,4272870,-238120.861551233,68765.4475840987,-122.73772392996,38.6040347482775,-41,-46,0,89,52,1,NA,36.2210464477539,46,38,0,NA
"378",378,"PPW1544","A3",522836.999999999,4272890,-238120.22605586,68785.4723751242,-122.737723273927,38.6042149857746,-51,-54,0,124,83,2,NA,-24.7781963348389,59,40,0,NA
"379",379,"PPW1544","A4",522837,4272910,-238119.590560296,68805.4971646937,-122.737722617889,38.604395223266,-41,-47,0,124,83,2,NA,40.1975860595703,68,53,0,NA
"380",380,"PPW1544","A5",522837,4272930,-238118.955064542,68825.5219528158,-122.737721961844,38.6045754607519,-41,-47,0,64,35,1,NA,40.1975860595703,66,54,0,NA
"381",381,"PPW1544","B1",522857,4272850,-238101.526199293,68744.7886996912,-122.737494894818,38.6038539957708,-41,-46,0,63,35,1,NA,36.2210464477539,55,47,0,NA
"382",382,"PPW1544","B2",522856.999999999,4272870,-238100.890702681,68764.8134918991,-122.737494238217,38.6040342332701,-41,-46,0,89,52,1,NA,36.2210464477539,60,54,0,NA
"383",383,"PPW1544","B3",522856.999999999,4272890,-238100.255205878,68784.8382826541,-122.73749358161,38.6042144707639,-51,-54,0,124,83,2,NA,-24.7781963348389,72,67,0,NA
"384",384,"PPW1544","B4",522857,4272910,-238099.61970888,68804.8630719599,-122.737492924997,38.604394708252,73,38,0,100,69,2,NA,6.45477151870728,65,72,0,NA
"385",385,"PPW1544","B5",522857,4272930,-238098.984211695,68824.8878598143,-122.737492268378,38.6045749457346,-21,-35,0,52,27,1,NA,-11.8677816390991,58,42,0,NA
"386",386,"PPW1544","C1",522877,4272850,-238081.555352454,68744.1546060657,-122.737265203655,38.6038534803159,38,8,0,93,59,1,NA,-0.619240045547485,67,53,0,NA
"387",387,"PPW1544","C2",522877,4272870,-238080.919854411,68764.1793980016,-122.73726454648,38.6040337178119,27,0,0,111,73,2,NA,-0.191049352288246,73,67,0,NA
"388",388,"PPW1544","C3",522877,4272890,-238080.284356176,68784.2041884959,-122.737263889298,38.6042139553024,73,38,0,111,73,2,NA,6.45477151870728,84,74,0,NA
"389",389,"PPW1544","C4",522877,4272910,-238079.648857747,68804.2289775298,-122.73726323211,38.6043941927872,73,38,0,100,69,2,NA,6.45477151870728,77,76,0,NA
"390",390,"PPW1544","C5",522877,4272930,-238079.013359128,68824.2537651183,-122.737262574917,38.6045744302665,-21,-35,0,52,27,1,NA,-11.8677816390991,74,69,0,NA
"391",391,"PPW1544","D1",522897,4272850,-238061.5845059,68743.5205107406,-122.737035512499,38.6038529644102,38,8,0,93,59,1,NA,-0.619240045547485,78,70,0,NA
"392",392,"PPW1544","D2",522897,4272870,-238060.949006423,68763.5453024157,-122.737034854748,38.6040332019029,27,0,0,111,73,2,NA,-0.191049352288246,76,80,0,NA
"393",393,"PPW1544","D3",522896.999999999,4272890,-238060.313506756,68783.5700926324,-122.737034196992,38.60421343939,26,-3,0,82,48,1,NA,20.3504734039307,79,70,0,NA
"394",394,"PPW1544","D4",522897,4272910,-238059.678006896,68803.5948814047,-122.73703353923,38.6043936768716,33,2,0,156,109,2,NA,-0.41814911365509,73,63,0,NA
"395",395,"PPW1544","D5",522897,4272930,-238059.042506844,68823.6196687235,-122.737032881462,38.6045739143476,-41,-49,0,20,2,1,NA,38.335334777832,78,68,0,NA
"396",396,"PPW1544","E1",522917,4272850,-238041.613659627,68742.88641372,-122.736805821347,38.6038524480536,12,-11,0,77,47,1,NA,18.4524555206299,67,55,0,NA
"397",397,"PPW1544","E2",522917,4272870,-238040.978158718,68762.9112051222,-122.736805163023,38.604032685543,26,-3,0,77,47,1,NA,20.3504734039307,43,62,0,NA
"398",398,"PPW1544","E3",522916.999999999,4272890,-238040.342657619,68782.9359950754,-122.736804504692,38.6042129230269,26,-3,0,82,48,1,NA,20.3504734039307,61,47,0,NA
"399",399,"PPW1544","E4",522917,4272910,-238039.707156328,68802.9607835757,-122.736803846355,38.6043931605051,11,-13,0,156,109,2,NA,-13.7658977508545,63,74,0,NA
"400",400,"PPW1544","E5",522917,4272930,-238039.071654843,68822.985570624,-122.736803188012,38.6045733979778,-20,-34,0,31,10,1,NA,-9.42699146270752,73,67,0,NA
"401",401,"PPW1549","A1",526470,4270414,-234571.230756292,66191.1879571583,-122.696093850676,38.5818006728261,572,466,3,33,9,0,61.6858940124512,201.116500854492,112,86,2,2
"402",402,"PPW1549","A2",526470,4270434,-234570.595029095,66211.2128730104,-122.696093091118,38.5819809103611,504,395,3,54,25,0,61.6858940124512,129.447494506836,111,29,1,2
"403",403,"PPW1549","A3",526470,4270454,-234569.959301668,66231.2377874376,-122.696092331554,38.5821611478905,460,360,3,54,25,0,63.7376441955566,132.766647338867,116,91,2,2
"404",404,"PPW1549","A4",526470,4270474,-234569.323574012,66251.2627004399,-122.696091571982,38.5823413854144,460,360,3,28,7,0,63.7376441955566,132.766647338867,120,73,2,2
"405",405,"PPW1549","A5",526470,4270494,-234568.687846128,66271.2876120121,-122.696090812405,38.5825216229326,402,330,3,-11,-24,0,92.7597732543945,112.066329956055,118,60,1,1
"406",406,"PPW1549","B1",526490,4270414,-234551.26013641,66190.5535939657,-122.695864230593,38.5818000763979,572,466,3,33,9,0,61.6858940124512,201.116500854492,121,110,2,2
"407",407,"PPW1549","B2",526490,4270434,-234550.624407807,66210.5785095189,-122.695863470462,38.5819803139291,504,395,3,54,25,0,61.6858940124512,129.447494506836,117,92,2,2
"408",408,"PPW1549","B3",526490,4270454,-234549.988678978,66230.6034236429,-122.695862710323,38.5821605514547,547,443,3,27,6,0,63.7376441955566,139.626495361328,117,61,2,2
"409",409,"PPW1549","B4",526490,4270474,-234549.352949916,66250.6283363425,-122.695861950178,38.5823407889747,621,500,3,-10,-23,0,92.7597732543945,160.886703491211,123,87,2,2
"410",410,"PPW1549","B5",526490,4270494,-234548.717220623,66270.6532476102,-122.695861190026,38.5825210264891,521,417,3,-40,-44,0,92.7597732543945,132.277908325195,120,96,2,2
"411",411,"PPW1549","C1",526509.999999999,4270414,-234531.289516847,66189.9192291023,-122.695634610517,38.5817994795193,467,380,3,33,9,0,61.6858940124512,173.359649658203,125,89,2,2
"412",412,"PPW1549","C2",526510,4270434,-234530.65378684,66209.9441443495,-122.695633849812,38.5819797170466,547,443,3,33,9,0,61.6858940124512,139.626495361328,121,66,1,2
"413",413,"PPW1549","C3",526510,4270454,-234530.018056603,66229.9690581691,-122.6956330891,38.5821599545684,547,443,3,27,6,0,61.6858940124512,139.626495361328,115,92,2,2
"414",414,"PPW1549","C4",526510,4270474,-234529.382326137,66249.9939705683,-122.695632328381,38.5823401920846,621,500,3,-10,-23,0,95.5720901489258,160.886703491211,120,98,2,2
"415",415,"PPW1549","C5",526510,4270494,-234528.746595439,66270.0188815328,-122.695631567655,38.5825204295952,406,314,3,-39,-43,0,95.5720901489258,91.7786178588867,108,73,2,2
"416",416,"PPW1549","D1",526530,4270414,-234511.318897602,66189.2848625686,-122.695404990448,38.5817988821902,467,380,3,33,9,0,61.6858940124512,173.359649658203,120,82,2,2
"417",417,"PPW1549","D2",526530,4270434,-234510.683166189,66209.3097775099,-122.695404229169,38.5819791197137,553,452,3,-9,-22,0,61.6858940124512,149.668029785156,123,78,2,2
"418",418,"PPW1549","D3",526530,4270454,-234510.047434547,66229.3346910309,-122.695403467883,38.5821593572316,621,506,3,-31,-37,0,61.6858940124512,161.91276550293,116,74,2,3
"419",419,"PPW1549","D4",526530,4270474,-234509.411702676,66249.3596031214,-122.69540270659,38.582339594744,651,518,3,-39,-43,0,61.6858940124512,192.66633605957,113,92,2,2
"420",420,"PPW1549","D5",526530,4270494,-234508.775970572,66269.3845137884,-122.695401945291,38.5825198322508,651,518,3,-39,-43,0,61.6858940124512,192.66633605957,109,101,2,2
"421",421,"PPW1549","E1",526550,4270414,-234491.348278674,66188.6504943543,-122.695175370386,38.5817982844106,553,452,3,77,43,0,81.125373840332,149.668029785156,125,95,2,2
"422",422,"PPW1549","E2",526550,4270434,-234490.712545858,66208.6754089994,-122.695174608533,38.5819785219303,553,452,3,-9,-22,0,61.6858940124512,149.668029785156,127,86,2,2
"423",423,"PPW1549","E3",526550,4270454,-234490.076812811,66228.7003222145,-122.695173846673,38.5821587594444,621,506,3,-31,-37,0,61.6858940124512,161.91276550293,123,60,2,2
"424",424,"PPW1549","E4",526550,4270474,-234489.441079533,66248.7252340089,-122.695173084807,38.5823389969529,494,386,3,-67,-63,0,53.7968330383301,154.860336303711,114,66,2,2
"425",425,"PPW1549","E5",526550,4270494,-234488.805346024,66268.7501443713,-122.695172322933,38.5825192344559,494,386,3,36,13,0,53.7968330383301,154.860336303711,114,59,2,2
"426",426,"PPW2152","A1",527335,4269656,-233731.597927192,65404.8053638828,-122.686192511118,38.5749434654245,956,820,4,109,57,0,98.8962554931641,576.975769042969,161,153,3,3
"427",427,"PPW2152","A2",527335,4269676,-233730.962148274,65424.8303203746,-122.686191727007,38.5751237030029,956,820,4,109,57,0,99.2498016357422,576.975769042969,168,146,3,3
"428",428,"PPW2152","A3",527335,4269696,-233730.326369116,65444.8552754521,-122.686190942888,38.5753039405757,918,794,4,84,39,0,99.2498016357422,491.8779296875,159,132,3,3
"429",429,"PPW2152","A4",527334.999999999,4269716,-233729.69058972,65464.8802291118,-122.686190158762,38.575484178143,709,564,3,51,22,0,99.2498016357422,268.107971191406,121,100,2,3
"430",430,"PPW2152","A5",527335,4269736,-233729.054810085,65484.9051813507,-122.686189374629,38.5756644157047,809,669,4,44,13,0,74.8181304931641,314.827117919922,92,45,1,1
"431",431,"PPW2152","B1",527355,4269656,-233711.627374328,65404.1709401575,-122.68596291308,38.5749428496637,956,820,4,158,96,0,96.9677124023438,576.975769042969,174,180,3,3
"432",432,"PPW2152","B2",527355,4269676,-233710.991594013,65424.195896341,-122.685962128395,38.5751230872382,985,853,4,125,68,0,99.2498016357422,670.855895996094,179,163,3,3
"433",433,"PPW2152","B3",527355,4269696,-233710.355813458,65444.2208511108,-122.685961343703,38.5753033248071,961,844,4,133,74,0,99.2498016357422,548.533020019531,176,166,3,3
"434",434,"PPW2152","B4",527354.999999999,4269716,-233709.720032665,65464.2458044589,-122.685960559003,38.5754835623704,809,669,4,133,74,0,99.2498016357422,314.827117919922,147,148,3,3
"435",435,"PPW2152","B5",527355,4269736,-233709.084251634,65484.2707563853,-122.685959774297,38.5756637999281,809,669,4,44,13,0,99.2498016357422,314.827117919922,118,105,3,3
"436",436,"PPW2152","C1",527375,4269656,-233691.65682179,65403.5365147684,-122.685733315049,38.5749422334527,920,797,4,54,21,0,96.7728881835938,652.228271484375,174,162,3,3
"437",437,"PPW2152","C2",527375,4269676,-233691.021040079,65423.561470639,-122.68573252979,38.5751224710232,985,853,4,125,68,0,99.2498016357422,670.855895996094,169,190,3,3
"438",438,"PPW2152","C3",527375,4269696,-233690.385258126,65443.5864251028,-122.685731744524,38.5753027085881,961,844,4,133,74,0,99.2498016357422,548.533020019531,175,164,3,3
"439",439,"PPW2152","C4",527374.999999999,4269716,-233689.749475936,65463.6113781366,-122.685730959251,38.5754829461475,917,811,4,-26,-32,0,99.2498016357422,522.394470214844,155,149,3,3
"440",440,"PPW2152","C5",527375,4269736,-233689.113693507,65483.6363297552,-122.685730173971,38.5756631837012,907,804,4,55,17,0,99.2498016357422,268.418579101562,142,84,3,3
"441",441,"PPW2152","D1",527395,4269656,-233671.686269579,65402.9020877164,-122.685503717025,38.5749416167912,848,706,4,40,11,0,97.1256942749023,597.256042480469,175,195,3,3
"442",442,"PPW2152","D2",527395,4269676,-233671.050486469,65422.9270432768,-122.685502931193,38.5751218543578,963,834,4,99,51,0,96.7728881835938,632.654907226562,168,168,3,3
"443",443,"PPW2152","D3",527395,4269696,-233670.414703122,65442.9519974263,-122.685502145353,38.5753020919188,917,811,4,99,51,0,99.2498016357422,522.394470214844,175,168,3,3
"444",444,"PPW2152","D4",527394.999999999,4269716,-233669.778919534,65462.9769501486,-122.685501359506,38.5754823294741,917,811,4,-26,-32,0,99.2498016357422,522.394470214844,168,164,3,3
"445",445,"PPW2152","D5",527395,4269736,-233669.143135707,65483.0019014585,-122.685500573652,38.575662567024,907,804,4,55,17,0,99.2498016357422,268.418579101562,151,114,3,3
"446",446,"PPW2152","E1",527415,4269656,-233651.715717695,65402.2676589978,-122.685274119008,38.5749409996794,848,706,4,40,11,0,97.1256942749023,597.256042480469,173,153,3,3
"447",447,"PPW2152","E2",527415,4269676,-233651.07993319,65422.2926142551,-122.685273332602,38.575121237242,893,750,4,99,51,0,97.1256942749023,635.978576660156,180,151,3,3
"448",448,"PPW2152","E3",527415,4269696,-233650.444148442,65442.3175680833,-122.685272546189,38.5753014747991,893,750,4,115,62,0,96.7728881835938,635.978576660156,184,171,3,3
"449",449,"PPW2152","E4",527414.999999999,4269716,-233649.808363458,65462.3425204991,-122.685271759768,38.5754817123505,871,761,4,-51,-49,0,96.7728881835938,593.898864746094,178,175,3,3
"450",450,"PPW2152","E5",527415,4269736,-233649.172578233,65482.3674714966,-122.685270973341,38.5756619498963,882,780,4,-51,-49,0,96.7728881835938,364.194458007812,156,130,3,3
